[
  {
    "Id": "1310971",
    "ThreadId": "569168",
    "Html": "Dear Sir,\r<br />\n<br />\nI have tried your plugin on a sit of mine and it worked perfectly.<br />\n<h2><a href=\"http://www.gedlynk.com/?page_id=18\" rel=\"nofollow\">http://www.gedlynk.com/?page_id=18</a></h2>\nBut, now I am trying it on another site. Now, the read only mode is not working.\r<br />\n<br />\nHere is the site/page - \r<br />\n<a href=\"http://pingpongguy.com/\" rel=\"nofollow\">http://pingpongguy.com/</a>\r<br />\n<br />\nI followed every step correctly. Please help me on this as soon as it is possible for you.\r<br />\n<br />\nThanks,\r<br />\nMehadi.<br />\n",
    "PostedDate": "2014-10-06T16:13:18.64-07:00",
    "UserRole": null,
    "MarkedAsAnswerDate": null
  },
  {
    "Id": "1310988",
    "ThreadId": "569168",
    "Html": "Hello Sir, \r<br />\n<br />\nI just solved that. Was something silly.\r<br />\n<br />\nThanks for this nice+great plugin btw. :-)\r<br />\n<br />\nBest regards,\r<br />\nMehadi.<br />\n",
    "PostedDate": "2014-10-06T17:24:31.02-07:00",
    "UserRole": null,
    "MarkedAsAnswerDate": null
  }
]