[
  {
    "Id": "929402",
    "ThreadId": "400057",
    "Html": "\r\n<p>I simply need the big stars and nothing else. When I put the bigstars inside a form behind a input variable, it clips the stars? Can someone help me please?</p>\r\n<p>Here is the code.</p>\r\n<p>&nbsp;</p>\r\n<p>&lt;!DOCTYPE html&gt;&lt;html&gt;</p>\r\n<p>&lt;head&gt;&nbsp; &nbsp; &lt;title&gt;RateIt&lt;/title&gt;&nbsp; &nbsp; &lt;link href=&quot;../src/rateit.css&quot; rel=&quot;stylesheet&quot; type=&quot;text/css&quot;&gt;&nbsp; &nbsp; &lt;script src=&quot;http://ajax.googleapis.com/ajax/libs/jquery/1.7.2/jquery.min.js&quot; type=&quot;text/javascript&quot;&gt;&lt;/script&gt;&nbsp;\r\n &nbsp; &lt;link href=&quot;content/bigstars.css&quot; rel=&quot;stylesheet&quot; type=&quot;text/css&quot;&gt;&lt;/head&gt;<br>\r\n&lt;body&gt;&lt;form&gt;&lt;input type=&quot;range&quot; min=&quot;0&quot; max=&quot;10&quot; value=&quot;0&quot; step=&quot;1&quot; id=&quot;backing2&quot;&gt;&lt;div class=&quot;rateit bigstars&quot; data-rateit-backingfld=&quot;#backing2&quot;&gt;&lt;/div&gt;&lt;/form&gt;<br>\r\n<br>\r\n&lt;script src=&quot;../src/jquery.rateit.js&quot; type=&quot;text/javascript&quot;&gt;&lt;/script&gt;&lt;/body&gt;&lt;/html&gt;</p>\r\n<p>&nbsp;</p>\r\n<p>Thank you so much.</p>\r\n",
    "PostedDate": "2012-10-19T06:58:21.817-07:00",
    "UserRole": null,
    "MarkedAsAnswerDate": null
  },
  {
    "Id": "929425",
    "ThreadId": "400057",
    "Html": "\r\n<div style=\"text-align:left; direction:ltr\">You need to set the data-rateit-starwidth and data-rateit-starheight attributes.\r\n</div>\r\n",
    "PostedDate": "2012-10-19T07:26:04.01-07:00",
    "UserRole": null,
    "MarkedAsAnswerDate": null
  },
  {
    "Id": "929438",
    "ThreadId": "400057",
    "Html": "\r\n<p>Thank you so much. It does work. Another quick question (sorry for bugging you). Does this work with jQuery 1.8.2 and jQuery mobile 1.2.0? I have upgraded all my code to this version and want to be aware that that's not going to break rateit. Thanks again.&nbsp;</p>\r\n",
    "PostedDate": "2012-10-19T07:45:05.91-07:00",
    "UserRole": null,
    "MarkedAsAnswerDate": null
  },
  {
    "Id": "929485",
    "ThreadId": "400057",
    "Html": "\r\n<div><font face=\"Verdana\"><span style=\"font-size:15px\">Yes it works with 1.8.2</span></font></div>\r\n<blockquote type=\"cite\">\r\n<div></div>\r\n</blockquote>\r\n",
    "PostedDate": "2012-10-19T09:13:33.64-07:00",
    "UserRole": null,
    "MarkedAsAnswerDate": null
  },
  {
    "Id": "929489",
    "ThreadId": "400057",
    "Html": "<p>Thanks again. I have been testing it and it seems to work but with jQuery mobile, it actually does show the slider and the stars. So I had to put a &lt;div&gt; around the slider and hide it. has this bug been reported before?&nbsp;</p>",
    "PostedDate": "2012-10-19T09:16:41.697-07:00",
    "UserRole": null,
    "MarkedAsAnswerDate": null
  },
  {
    "Id": "929535",
    "ThreadId": "400057",
    "Html": "\r\n<div><font face=\"Verdana\"><span style=\"font-size:15px\">No, thanks, I will later create a work item out of it and fix it.</span></font></div>\r\n<blockquote type=\"cite\">\r\n<div></div>\r\n</blockquote>\r\n",
    "PostedDate": "2012-10-19T10:26:53.8-07:00",
    "UserRole": null,
    "MarkedAsAnswerDate": null
  },
  {
    "Id": "929752",
    "ThreadId": "400057",
    "Html": "This discussion has been copied to a work item. Click <a href=\"http://rateit.codeplex.com/workitem/1145\">here</a> to go to the work item and continue the discussion.",
    "PostedDate": "2012-10-20T02:27:39.127-07:00",
    "UserRole": null,
    "MarkedAsAnswerDate": null
  },
  {
    "Id": "929755",
    "ThreadId": "400057",
    "Html": "\r\n<p>This is a jQuery Mobile issue. You have to add data-role=&quot;none&quot; to your input-range element, so that jQuery mobile doesn't enhance it.</p>\r\n<div style=\"color:black; background-color:white\">\r\n<pre><span style=\"color:blue\">&lt;</span><span style=\"color:#a31515\">input</span> <span style=\"color:red\">type</span><span style=\"color:blue\">=</span><span style=\"color:blue\">&quot;range&quot;id=&quot;test&quot;data-role=&quot;none&quot;</span> <span style=\"color:red\">value</span><span style=\"color:blue\">=</span><span style=\"color:blue\">&quot;1&quot;</span> <span style=\"color:red\">max</span><span style=\"color:blue\">=</span><span style=\"color:blue\">&quot;5&quot;</span><span style=\"color:blue\">/&gt;</span>\n<span style=\"color:blue\">&lt;</span><span style=\"color:#a31515\">div</span> <span style=\"color:red\">class</span><span style=\"color:blue\">=</span><span style=\"color:blue\">&quot;rateit&quot;data-rateit-backingfld=&quot;#test&quot;</span><span style=\"color:blue\">&gt;</span><span style=\"color:blue\">&lt;/</span><span style=\"color:#a31515\">div</span><span style=\"color:blue\">&gt;</span>\n</pre>\r\n</div>\r\n<p>See:&nbsp;<a href=\"http://jquerymobile.com/demos/1.2.0/docs/api/data-attributes.html\">http://jquerymobile.com/demos/1.2.0/docs/api/data-attributes.html</a>&nbsp;(slider)</p>\r\n",
    "PostedDate": "2012-10-20T02:50:10.86-07:00",
    "UserRole": null,
    "MarkedAsAnswerDate": null
  },
  {
    "Id": "934667",
    "ThreadId": "400057",
    "Html": "<p>Sorry forgot to thank you for this. This really works with Jquery Mobile.&nbsp;</p>\r\n<p>Another quick question, How can we build validations? I have done it for text fields and others and have not done it for slider. I do not want 0 stars to be submitted? is it built into rateit or I need to do something separate?</p>",
    "PostedDate": "2012-10-31T03:58:13.95-07:00",
    "UserRole": null,
    "MarkedAsAnswerDate": null
  },
  {
    "Id": "934705",
    "ThreadId": "400057",
    "Html": "<p>Validation is not build in.&nbsp;</p>\r\n<p>I guess if you use any validation framework (like jquery.validate) there should be support for input range validation.</p>\r\n<p>If not, just on submit, check if $('#myrateit').rateit('value') &nbsp;&gt; 0</p>\r\n<p>&nbsp;</p>",
    "PostedDate": "2012-10-31T05:39:51.88-07:00",
    "UserRole": null,
    "MarkedAsAnswerDate": null
  }
]