[
  {
    "Id": "525329",
    "ThreadId": "235593",
    "Html": "\r\n<p>I would love to hear your feedback!&nbsp;</p>\r\n<p>Please use the issue tracker if you find any bugs, and I'll try to fix them ASAP.</p>\r\n<p>&nbsp;</p>\r\n<p>As you might have noticed, RateIt supports custom stars, and also range images (see the signal/antenna example). It&nbsp;would also be great if you could share your custom artwork you use for your RateIt plugin, so we can create some repository here to share\r\n with the rest of the people.</p>\r\n",
    "PostedDate": "2010-11-22T07:29:43.963-08:00",
    "UserRole": null,
    "MarkedAsAnswerDate": null
  }
]