[
  {
    "Id": "636156",
    "ThreadId": "263609",
    "Html": "<p>When rateit is inside a container with \"text-align: right\", things break in IE6 due to the lack of support for inline-block. The following changes fix the issue.</p>\n<p>These three browsers don't exactly like inline-block so much. The following rules should be added after \"div.rateit div.rateit-range {...}\":</p>\n<p>* html div.rateit, * html div.rateit div.rateit-range { display:inline; } &nbsp;/* for IE 6 */*<br /> + html div.rateit, * + html div.rateit div.rateit-range { display:inline; } &nbsp;/* for IE 7 */</p>\n<p>For FF2, you can add \"display: -moz-inline-box\" above \"display: inline-block\":</p>\n<p>div.rateit<br /> {<br /> display: -moz-inline-box;<br /> display: inline-block;<br /> position: relative;<br /> -webkit-user-select: none;<br /> -khtml-user-select: none;<br /> -moz-user-select: none;<br /> -o-user-select: none;<br /> user-select: none;<br /> -webkit-touch-callout: none;<br /> }</p>\n<p>div.rateit div.rateit-range<br /> {<br /> position: relative;<br /> display: -moz-inline-box;<br /> display: inline-block;<br /> background: url(star.gif);<br /> height: 16px;<br /> }<br /> <br /> Thanks for the awesome stuff!&nbsp;</p>",
    "PostedDate": "2011-07-01T12:05:20.71-07:00",
    "UserRole": null,
    "MarkedAsAnswerDate": null
  },
  {
    "Id": "636210",
    "ThreadId": "263609",
    "Html": "\r\n<div>Thank you for your contribution, just what was missing. I'll add it to RateIt in the coming days.<br>\r\n<br>\r\nGidon</div>\r\n<div><br>\r\nOn 1 ביול 2011, at 22:05, &quot;troymccabe&quot; &lt;<a href=\"mailto:notifications@codeplex.com\">notifications@codeplex.com</a>&gt; wrote:<br>\r\n<br>\r\n</div>\r\n<div></div>\r\n<blockquote type=\"cite\">\r\n<div>\r\n<p>From: troymccabe</p>\r\n<div id=\"ThreadNotificationPostBody\">\r\n<p>When rateit is inside a container with the text-align specified to the right, things break in IE6 due to the lack of support for inline-block. The following changes fix the issue.</p>\r\n<p>These three browsers don't exactly like inline-block so much. The following rules should be added after &quot;div.rateit div.rateit-range {...}&quot;:</p>\r\n<p>* html div.rateit, * html div.rateit div.rateit-range { display:inline; } /* for IE 6 */*<br>\r\n&#43; html div.rateit, * &#43; html div.rateit div.rateit-range { display:inline; } /* for IE 7 */</p>\r\n<p>For FF2, you can add &quot;display: -moz-inline-box&quot; above &quot;display: inline-block&quot;:</p>\r\n<p>div.rateit<br>\r\n{<br>\r\n<span style=\"white-space:pre\"></span>display: -moz-inline-box;<br>\r\n<span style=\"white-space:pre\"></span>display: inline-block;<br>\r\n<span style=\"white-space:pre\"></span>position: relative;<br>\r\n<span style=\"white-space:pre\"></span>-webkit-user-select: none;<br>\r\n<span style=\"white-space:pre\"></span>-khtml-user-select: none;<br>\r\n<span style=\"white-space:pre\"></span>-moz-user-select: none;<br>\r\n<span style=\"white-space:pre\"></span>-o-user-select: none;<br>\r\n<span style=\"white-space:pre\"></span>user-select: none;<br>\r\n<span style=\"white-space:pre\"></span>-webkit-touch-callout: none;<br>\r\n}</p>\r\n<p>div.rateit div.rateit-range<br>\r\n{<br>\r\n<span style=\"white-space:pre\"></span>position: relative;<br>\r\n<span style=\"white-space:pre\"></span>display: -moz-inline-box;<br>\r\n<span style=\"white-space:pre\"></span>display: inline-block;<br>\r\n<span style=\"white-space:pre\"></span>background: url(star.gif);<br>\r\n<span style=\"white-space:pre\"></span>height: 16px;<br>\r\n}<br>\r\n<br>\r\nThanks for the awesome stuff! </p>\r\n</div>\r\n</div>\r\n</blockquote>\r\n",
    "PostedDate": "2011-07-01T13:48:42.04-07:00",
    "UserRole": null,
    "MarkedAsAnswerDate": null
  }
]