[
  {
    "Id": "938028",
    "ThreadId": "402288",
    "Html": "\r\n<p>Hi there,</p>\r\n<p>This looks like a really useful plugin, thanks!</p>\r\n<p>I think the answer to this question is &quot;no&quot;, but is there any way to programmatically set the star's colour?&nbsp;</p>\r\n<p>I'd like to have the rating show up in red for 1-3, amber for 4 and green for 5...</p>\r\n<p>Rachel</p>\r\n",
    "PostedDate": "2012-11-07T09:05:52.363-08:00",
    "UserRole": null,
    "MarkedAsAnswerDate": null
  },
  {
    "Id": "938145",
    "ThreadId": "402288",
    "Html": "\r\n<div>\r\n<div style=\"text-align:left; direction:ltr\">It is possible, just not programmatically. just make the star picture 5 stars wide instead of 1 and color them the way you want.\r\n</div>\r\n</div>\r\n<div style=\"text-align:left; direction:ltr\"><br>\r\n</div>\r\n<div style=\"text-align:left; direction:ltr\">Gidon</div>\r\n",
    "PostedDate": "2012-11-07T12:02:54.05-08:00",
    "UserRole": null,
    "MarkedAsAnswerDate": null
  }
]