[
  {
    "Id": "1304933",
    "ThreadId": "567496",
    "Html": "I'm sorry I posted this in Issues section before posting it here, because I can see this section is more active:\r<br />\n<br />\nHi,\r<br />\nI would like your help in solving a problem. When I change everything to match the settings for big stars in the example, I face a problem that stars images aren't aligned. I think this is probably because I am using rtl direction.\r<br />\nthank you<br />\n",
    "PostedDate": "2014-09-15T12:45:07.813-07:00",
    "UserRole": null,
    "MarkedAsAnswerDate": null
  }
]