[
  {
    "Id": "953445",
    "ThreadId": "406110",
    "Html": "\r\n<p>I'm about to use this plugin for a MODX addon.</p>\r\n<p>Is there any restricting license for me to include this plugin in my addon package?</p>\r\n<p>I've read this (http://rateit.codeplex.com/license), though, but I just want to make sure.</p>\r\n<p>TIA</p>\r\n",
    "PostedDate": "2012-12-08T23:29:42.213-08:00",
    "UserRole": null,
    "MarkedAsAnswerDate": null
  },
  {
    "Id": "953449",
    "ThreadId": "406110",
    "Html": "\r\n<p>No problem whatsoever.</p>\r\n",
    "PostedDate": "2012-12-08T23:36:59.78-08:00",
    "UserRole": null,
    "MarkedAsAnswerDate": null
  },
  {
    "Id": "954853",
    "ThreadId": "406110",
    "Html": "\r\n<p>great!</p>\r\n<p>here is the link&nbsp;http://modx.com/extras/package/lexrating</p>\r\n<p>&nbsp;</p>\r\n<p>thanks for sharing.</p>\r\n",
    "PostedDate": "2012-12-11T17:48:21.427-08:00",
    "UserRole": null,
    "MarkedAsAnswerDate": null
  }
]