[
  {
    "Id": "642873",
    "ThreadId": "265289",
    "Html": "\r\n<p>On line your live demonstration - example.htm works well in Chrome.</p>\r\n<p>When I download the zip file and unpack it it works in Mozilla Firefox, but not in Chrome.</p>\r\n<p>I noted some minor differences between the two versions but was not able to resolve the problem.</p>\r\n<p>&nbsp;</p>\r\n<p>&nbsp;</p>\r\n",
    "PostedDate": "2011-07-15T04:26:35.843-07:00",
    "UserRole": null,
    "MarkedAsAnswerDate": null
  },
  {
    "Id": "643001",
    "ThreadId": "265289",
    "Html": "\r\n<div>\r\n<p><span style=\"font-size:11.0pt; font-family:\">The online version was an older version. I’ve updated the online version, and with me it works fine in Chrome/</span></p>\r\n<p><span style=\"font-size:11.0pt; font-family:\"></span></p>\r\n<div>\r\n<div style=\"border:none; border-top:solid #B5C4DF 1.0pt; padding:3.0pt 0cm 0cm 0cm\">\r\n<p><b><span style=\"font-size:10.0pt; font-family:\">From:</span></b><span style=\"font-size:10.0pt; font-family:\"> Kunphawapi [email removed]\r\n<br>\r\n<b>Sent:</b> <span lang=\"HE\" dir=\"RTL\">יום ו 15 יולי 2011 14:27</span><br>\r\n<b>To:</b> gjunge@gmail.com<br>\r\n<b>Subject:</b> Problems with Chrome 15th July [rateit:265289]</span></p>\r\n</div>\r\n</div>\r\n<p></p>\r\n<p><span style=\"font-size:9.0pt; font-family:\">From: Kunphawapi</span></p>\r\n<div id=\"ThreadNotificationPostBody\" style=\"margin-bottom:24.0pt\">\r\n<p><span style=\"font-size:9.0pt; font-family:\">On line your live demonstration - example.htm works well in Chrome.</span></p>\r\n<p><span style=\"font-size:9.0pt; font-family:\">When I download the zip file and unpack it it works in Mozilla Firefox, but not in Chrome.</span></p>\r\n<p><span style=\"font-size:9.0pt; font-family:\">I noted some minor differences between the two versions but was not able to resolve the problem.</span></p>\r\n<p><span style=\"font-size:9.0pt; font-family:\"></span></p>\r\n<p><span style=\"font-size:9.0pt; font-family:\"></span></p>\r\n</div>\r\n</div>\r\n",
    "PostedDate": "2011-07-15T08:48:18.22-07:00",
    "UserRole": null,
    "MarkedAsAnswerDate": null
  },
  {
    "Id": "643027",
    "ThreadId": "265289",
    "Html": "<p>I have tested again, online your version works in all the browsers that I try,</p>\r\n<p>When I download your zip file, unpack, &nbsp;it displays correctly in Firefox, IE and Opera, but not in Chrome (have downloaded again)</p>\r\n<p>If I put these files online I still see the same problem. It would suggest that somewhere there is a discrepancy between the files on your server and the download zip</p>\r\n<p>&nbsp;</p>\r\n<p>In Chrome when I look at 2a, instead of the row of stars I see a slider.</p>\r\n<p>in 2b instead of the row of stars I see a drop down box -&nbsp;</p>\r\n<p>&nbsp;</p>\r\n<p>I am using Chrome 12.0.742.122 with no plugins</p>",
    "PostedDate": "2011-07-15T09:35:38.963-07:00",
    "UserRole": null,
    "MarkedAsAnswerDate": null
  },
  {
    "Id": "643042",
    "ThreadId": "265289",
    "Html": "<p>I just downloaded the online version, and also tested in the browsers you said, and it works ok.</p>\r\n<p>Cache? Check in the source file that you're working with RateIt 1.0.2&nbsp;</p>\r\n<p>The problem you explain sound like you are using RateIt 1.0.1 with jQuery 1.6.2</p>\r\n<p>You said you placed it online, can you post the url , so I can check as well?</p>",
    "PostedDate": "2011-07-15T10:16:56.957-07:00",
    "UserRole": null,
    "MarkedAsAnswerDate": null
  },
  {
    "Id": "643054",
    "ThreadId": "265289",
    "Html": "<p>I have only downloaded today from your page headed 1.0.2</p>\r\n<p>javascript console in Chrome gives Uncaught referenceError: $ is not defined (anonymous function ) at lines eample.htm lines 149,177,360,378,430,450</p>\r\n<p>Also jQuery not defined in jquery.rateit.js line 9</p>\r\n<p>Your files are at&nbsp;<a href=\"http://www.peter-thomson.co.uk/rateittest/example/example.htm\">http://www.peter-thomson.co.uk/rateittest/example/example.htm</a></p>\r\n<p>You can browse this directory to pick up the associated files. This is your downloaded files, unzipped, directory structure retained, and uploaded.</p>\r\n<p>&nbsp;</p>",
    "PostedDate": "2011-07-15T10:55:40.787-07:00",
    "UserRole": null,
    "MarkedAsAnswerDate": null
  },
  {
    "Id": "643075",
    "ThreadId": "265289",
    "Html": "\r\n<div>I'll have a look at it tomorrow.</div>\r\n<div><br>\r\n</div>\r\n<div>Though it sounds like somehow jQuery is missing. Check in the network tab of the dev tools if it downloaded jQuery.\r\n<br>\r\n<br>\r\nSent from my iPhone</div>\r\n<div><br>\r\nOn 15 ביול 2011, at 20:55, &quot;Kunphawapi&quot; &lt;<a href=\"mailto:notifications@codeplex.com\">notifications@codeplex.com</a>&gt; wrote:<br>\r\n<br>\r\n</div>\r\n<div></div>\r\n<blockquote type=\"cite\">\r\n<div>\r\n<p>From: Kunphawapi</p>\r\n<div id=\"ThreadNotificationPostBody\">\r\n<p>I have only downloaded today from your page headed 1.0.2</p>\r\n<p>javascript console in Chrome gives Uncaught referenceError: $ is not defined (anonymous function ) at lines eample.htm lines 149,177,360,378,430,450</p>\r\n<p>Also jQuery not defined in jquery.rateit.js line 9</p>\r\n<p>Your files are at <a href=\"http://www.peter-thomson.co.uk/rateittest/example/example.htm\">\r\n</a><a href=\"http://www.peter-thomson.co.uk/rateittest/example/example.htm\">http://www.peter-thomson.co.uk/rateittest/example/example.htm</a></p>\r\n<p>You can browse this directory to pick up the associated files. This is your downloaded files, unzipped, directory structure retained, and uploaded.</p>\r\n<p></p>\r\n</div>\r\n</div>\r\n</blockquote>\r\n",
    "PostedDate": "2011-07-15T11:41:48.233-07:00",
    "UserRole": null,
    "MarkedAsAnswerDate": null
  },
  {
    "Id": "643107",
    "ThreadId": "265289",
    "Html": "<p>Problem solved: &nbsp;jQuery has not been available from&nbsp;<a class=\" \" href=\"http://ajax.googleapis.com/ajax/libs/jquery/1.6.2/jquery.min.js\" target=\"_blank\">http://ajax.googleapis.com/ajax/libs/jquery/1.6.2/jquery.min.js</a>&nbsp;today</p>\r\n<p>I have replaced it with&nbsp;http://code.jquery.com/jquery-1.6.2.min.js and everything works again</p>\r\n<p>The other browsers must have been using a cached copy but I develop using Chrome so was clearing cache.</p>\r\n<p>Your online site also stopped working after I cleared cache again.</p>\r\n<p>I must alter my code to point to a copy on my own website!</p>\r\n<p>&nbsp;</p>\r\n<p>Thanks for an excellent bit of software</p>",
    "PostedDate": "2011-07-15T12:39:47.43-07:00",
    "UserRole": null,
    "MarkedAsAnswerDate": null
  },
  {
    "Id": "643187",
    "ThreadId": "265289",
    "Html": "\r\n<div>\r\n<div style=\"text-align:left; direction:ltr\">That's bad, I normally reference Googles CDN, because supposedly it's reliable.</div>\r\n<div style=\"text-align:left; direction:ltr\"><br>\r\n</div>\r\n<div style=\"text-align:left; direction:ltr\">Anyway, thanks for the compliment.</div>\r\n<div style=\"text-align:left; direction:ltr\"><br>\r\n</div>\r\n<div style=\"text-align:left; direction:ltr\">Gidon</div>\r\n<div style=\"text-align:left; direction:ltr\"></div>\r\nSent from my iPhone</div>\r\n<div><br>\r\nOn 15 ביול 2011, at 22:39, &quot;Kunphawapi&quot; &lt;<a href=\"mailto:notifications@codeplex.com\">notifications@codeplex.com</a>&gt; wrote:<br>\r\n<br>\r\n</div>\r\n<div></div>\r\n<blockquote type=\"cite\">\r\n<div>\r\n<p>From: Kunphawapi</p>\r\n<div id=\"ThreadNotificationPostBody\">\r\n<p>Problem solved: jQuery has not been available from <a href=\"http://ajax.googleapis.com/ajax/libs/jquery/1.6.2/jquery.min.js\" target=\"_blank\">\r\n</a><a href=\"http://ajax.googleapis.com/ajax/libs/jquery/1.6.2/jquery.min.js\">http://ajax.googleapis.com/ajax/libs/jquery/1.6.2/jquery.min.js</a> today</p>\r\n<p>I have replaced it with <a href=\"http://code.jquery.com/jquery-1.6.2.min.js\">http://code.jquery.com/jquery-1.6.2.min.js</a> and everything works again</p>\r\n<p>The other browsers must have been using a cached copy but I develop using Chrome so was clearing cache.</p>\r\n<p>Your online site also stopped working after I cleared cache again.</p>\r\n<p>I must alter my code to point to a copy on my own website!</p>\r\n<p></p>\r\n<p>Thanks for an excellent bit of software</p>\r\n</div>\r\n</div>\r\n</blockquote>\r\n",
    "PostedDate": "2011-07-15T17:27:48.353-07:00",
    "UserRole": null,
    "MarkedAsAnswerDate": null
  }
]