[
  {
    "Id": "1137165",
    "ThreadId": "474393",
    "Html": "The following code works if I put directly into the HTML.<br />\n<pre><code>&lt;li&gt;\n    &lt;p&gt;&lt;strong&gt;Product&lt;/strong&gt;\n        &lt;br/&gt;\n        &lt;input type=&quot;range&quot; value=&quot;0&quot; step=&quot;1&quot; id=&quot;rateit&quot; data-role=&quot;none&quot;&gt;\n        &lt;div class=&quot;rateit&quot; id=&quot;rateitHover&quot; data-rateit-backingfld=&quot;#rateit&quot; data-rateit-resetable=&quot;false&quot;  data-rateit-ispreset=&quot;true&quot;\n        data-rateit-min=&quot;0&quot; data-rateit-max=&quot;5&quot;&gt;\n        &lt;/div&gt;\n    &lt;/p&gt;\n&lt;/li&gt;</code></pre>\n\nThe code below doesn't work, it retrieves the default &lt;input type=&quot;range&quot;&gt; by html.<br />\n<pre><code>$.getJSON(url, function(data){\n    $.each(data, function(index, item) \n    {\n        info += &quot;&lt;li id='&quot; + item.id + &quot;'&gt;&quot; +\n        &quot;&lt;p&gt;&lt;strong&gt;&quot; + item.product + &quot;&lt;/strong&gt;&lt;br/&gt;&quot; +\n        &quot;&lt;input type='range' value='0' step='1' id='&quot; + 'rateIt' + item.id + &quot;'/&gt;&quot; +\n        &quot;&lt;div class='rateit' id='&quot; + 'rateIt' + item.id + &quot;' data-rateit-backingfld='&quot; + 'rateIt' + item.id + &quot;' data-rateit-resetable='false'  data-rateit-ispreset='true' &quot; +\n        &quot;data-rateit-min='0' data-rateit-max='5'&gt;&lt;/div&gt;&lt;/p&gt;&lt;/li&gt;&quot;;\n    });\n    $(&quot;#listviewA&quot;).append(info); \n    $(&quot;#listviewA&quot;).trigger(&quot;change&quot;);\n    $(&quot;#listviewA&quot;).listview(&quot;refresh&quot;);\n});</code></pre>\n\n",
    "PostedDate": "2013-12-17T08:17:16.48-08:00",
    "UserRole": null,
    "MarkedAsAnswerDate": null
  },
  {
    "Id": "1137505",
    "ThreadId": "474393",
    "Html": "Change to : <br />\n<div style=\"color:Black;background-color:White;\"><pre>\r\n$.getJSON(url, <span style=\"color:Blue;\">function</span>(data){\n    $.each(data, <span style=\"color:Blue;\">function</span>(index, item) \n    {\n        info += <span style=\"color:#A31515;\">&quot;&lt;li id=&#39;&quot;</span> + item.id + <span style=\"color:#A31515;\">&quot;&#39;&gt;&quot;</span> +\n        <span style=\"color:#A31515;\">&quot;&lt;p&gt;&lt;strong&gt;&quot;</span> + item.product + <span style=\"color:#A31515;\">&quot;&lt;/strong&gt;&lt;br/&gt;&quot;</span> +\n        <span style=\"color:#A31515;\">&quot;&lt;input type=&#39;range&#39; value=&#39;0&#39; step=&#39;1&#39; id=&#39;&quot;</span> + <span style=\"color:#A31515;\">&#39;rateIt&#39;</span> + item.id + <span style=\"color:#A31515;\">&quot;&#39;/&gt;&quot;</span> +\n        <span style=\"color:#A31515;\">&quot;&lt;div class=&#39;rateit&#39; id=&#39;&quot;</span> + <span style=\"color:#A31515;\">&#39;rateIt&#39;</span> + item.id + <span style=\"color:#A31515;\">&quot;&#39; data-rateit-backingfld=&#39;&quot;</span> + <span style=\"color:#A31515;\">&#39;rateIt&#39;</span> + item.id + <span style=\"color:#A31515;\">&quot;&#39; data-rateit-resetable=&#39;false&#39;  data-rateit-ispreset=&#39;true&#39; &quot;</span> +\n        <span style=\"color:#A31515;\">&quot;data-rateit-min=&#39;0&#39; data-rateit-max=&#39;5&#39;&gt;&lt;/div&gt;&lt;/p&gt;&lt;/li&gt;&quot;</span>;\n    });\n    $(<span style=\"color:#A31515;\">&quot;#listviewA&quot;</span>).append(info); \n    $(<span style=\"color:#A31515;\">&quot;#listviewA&quot;</span>).trigger(<span style=\"color:#A31515;\">&quot;change&quot;</span>);\n    $(<span style=\"color:#A31515;\">&quot;#listviewA&quot;</span>).find(<span style=\"color:#A31515;\">&#39;.rateit&#39;</span>).rateit();\n    $(<span style=\"color:#A31515;\">&quot;#listviewA&quot;</span>).listview(<span style=\"color:#A31515;\">&quot;refresh&quot;</span>);\n\n});\r\n</pre></div>",
    "PostedDate": "2013-12-18T06:29:46.51-08:00",
    "UserRole": null,
    "MarkedAsAnswerDate": null
  }
]