[
  {
    "Id": "578170",
    "ThreadId": "249121",
    "Html": "<p>I have downloaded this &amp; I am really keen to implement it on my review website.</p>\n<p>However I am unsure how to do this as there are no clear instructions.</p>\n<p>How do I do this:</p>\n<ul>\n<li>Place a reference to the rateit.css stylesheet into the page head. </li>\n<li>Place a script reference to jquery.rateit.min.js before your &lt;/body&gt; tag.</li>\n</ul>\n<p>Do you have an example code for the above references?</p>\n<p>Also how do I place the star rater on any given webpage?</p>\n<p>A simplified instruction installation document would be highly beneficial.</p>",
    "PostedDate": "2011-03-09T19:19:36.003-08:00",
    "UserRole": null,
    "MarkedAsAnswerDate": null
  },
  {
    "Id": "578245",
    "ThreadId": "249121",
    "Html": "<p>Have you looked at the online examples:&nbsp;<a href=\"http://www.radioactivethinking.com/rateit/example/example.htm\">http://www.radioactivethinking.com/rateit/example/example.htm</a></p>\n<p>A basic page would look like this:</p>\n<p>&nbsp;</p>\n<hr />\n<p>&nbsp;</p>\n<pre><span>&lt;!</span><span>DOCTYPE</span>&nbsp;<span>html</span><span>&gt;</span>\n<span>&lt;</span><span>html</span><span>&gt;</span>\n<span>&lt;</span><span>head</span><span>&gt;</span>\n&nbsp;&nbsp;&nbsp;&nbsp;<span>&lt;</span><span>title</span><span>&gt;</span>Sample&nbsp;page<span>&lt;/</span><span>title</span><span>&gt;</span>\n&nbsp;&nbsp;&nbsp;&nbsp;<span>&lt;!--&nbsp;here&nbsp;is&nbsp;your&nbsp;CSS&nbsp;file&nbsp;--&gt;</span>\n&nbsp;&nbsp;&nbsp;&nbsp;<span>&lt;</span><span>link</span>&nbsp;<span>href</span><span>=</span><span>\"/css/rateit.css\"</span>&nbsp;<span>rel</span><span>=</span><span>\"stylesheet\"</span>&nbsp;<span>type</span><span>=</span><span>\"text/css\"</span><span>&gt;</span>\n&nbsp;&nbsp;&nbsp;&nbsp;<span>&lt;!--&nbsp;here&nbsp;is&nbsp;the&nbsp;reference&nbsp;to&nbsp;jQuery,&nbsp;although&nbsp;it&nbsp;could&nbsp;also&nbsp;be&nbsp;at&nbsp;the&nbsp;bottom&nbsp;of&nbsp;the&nbsp;page&nbsp;--&gt;</span>\n&nbsp;&nbsp;&nbsp;&nbsp;<span>&lt;</span><span>script</span>&nbsp;<span>src</span><span>=</span><span>\"http://ajax.googleapis.com/ajax/libs/jquery/1.5.1/jquery.min.js\"</span>&nbsp;<span>type</span><span>=</span><span>\"text/javascript\"</span><span>&gt;&lt;/</span><span>script</span><span>&gt;</span>\n<span>&lt;/</span><span>head</span><span>&gt;</span>\n<span>&lt;</span><span>body</span><span>&gt;</span>\n<span>&lt;</span><span>h1</span><span>&gt;</span>Welcome<span>&lt;/</span><span>h1</span><span>&gt;</span>\n<span>&lt;!--&nbsp;here&nbsp;is&nbsp;a&nbsp;rateit&nbsp;plugin&nbsp;placeholder&nbsp;--&gt;</span>\n<span>&lt;</span><span>div</span>&nbsp;<span>class</span><span>=</span><span>\"rateit\"</span><span>&gt;&lt;/</span><span>div</span><span>&gt;</span>\n \n<span>&lt;!--&nbsp;and&nbsp;finally&nbsp;,&nbsp;the&nbsp;rating&nbsp;plugin&nbsp;code&nbsp;reference&nbsp;--&gt;</span>\n<span>&lt;</span><span>script</span>&nbsp;<span>src</span><span>=</span><span>\"/scripts/jquery.rateit.min.js\"</span>&nbsp;<span>type</span><span>=</span><span>\"text/javascript\"</span><span>&gt;&lt;/</span><span>script</span><span>&gt;</span>\n<span>&lt;/</span><span>body</span><span>&gt;</span>\n<span>&lt;/</span><span>html</span><span>&gt;</span>\n</pre>\n<p>&nbsp;</p>\n<hr />\n<p>&nbsp;</p>\n<p>&nbsp;</p>\n<p><span style=\"font-size: x-small;\"><span>Although in order to hook it up with your backend system, you'll need some knowledge of javascript, a basic implementation would be:</span></span></p>\n<pre><span>&lt;!</span><span>DOCTYPE</span>&nbsp;<span>html</span><span>&gt;</span>\n<span>&lt;</span><span>html</span><span>&gt;</span>\n<span>&lt;</span><span>head</span><span>&gt;</span>\n&nbsp;&nbsp;&nbsp;&nbsp;<span>&lt;</span><span>title</span><span>&gt;</span>Sample&nbsp;page<span>&lt;/</span><span>title</span><span>&gt;</span>\n&nbsp;&nbsp;&nbsp;&nbsp;<span>&lt;!--&nbsp;here&nbsp;is&nbsp;your&nbsp;CSS&nbsp;file&nbsp;--&gt;</span>\n&nbsp;&nbsp;&nbsp;&nbsp;<span>&lt;</span><span>link</span>&nbsp;<span>href</span><span>=</span><span>\"/css/rateit.css\"</span>&nbsp;<span>rel</span><span>=</span><span>\"stylesheet\"</span>&nbsp;<span>type</span><span>=</span><span>\"text/css\"</span><span>&gt;</span>\n&nbsp;&nbsp;&nbsp;&nbsp;<span>&lt;!--&nbsp;here&nbsp;is&nbsp;the&nbsp;reference&nbsp;to&nbsp;jQuery,&nbsp;although&nbsp;it&nbsp;could&nbsp;also&nbsp;be&nbsp;at&nbsp;the&nbsp;bottom&nbsp;of&nbsp;the&nbsp;page&nbsp;--&gt;</span>\n \n&nbsp;&nbsp;&nbsp;&nbsp;<span>&lt;</span><span>script</span>&nbsp;<span>src</span><span>=</span><span>\"http://ajax.googleapis.com/ajax/libs/jquery/1.5.1/jquery.min.js\"</span>&nbsp;<span>type</span><span>=</span><span>\"text/javascript\"</span><span>&gt;&lt;/</span><span>script</span><span>&gt;</span>\n \n<span>&lt;/</span><span>head</span><span>&gt;</span>\n<span>&lt;</span><span>body</span><span>&gt;</span>\n&nbsp;&nbsp;&nbsp;&nbsp;<span>&lt;!--&nbsp;let's&nbsp;say&nbsp;this&nbsp;is&nbsp;a&nbsp;product&nbsp;review&nbsp;article&nbsp;--&gt;</span>\n&nbsp;&nbsp;&nbsp;&nbsp;<span>&lt;</span><span>h1</span><span>&gt;</span>\n&nbsp;&nbsp;&nbsp;&nbsp;&nbsp;&nbsp;&nbsp;&nbsp;Product&nbsp;A<span>&lt;/</span><span>h1</span><span>&gt;</span>\n&nbsp;&nbsp;&nbsp;&nbsp;<span>&lt;</span><span>p</span><span>&gt;</span>\n&nbsp;&nbsp;&nbsp;&nbsp;&nbsp;&nbsp;&nbsp;&nbsp;This&nbsp;is&nbsp;a&nbsp;description&nbsp;of&nbsp;product&nbsp;A<span>&lt;/</span><span>p</span><span>&gt;</span>\n&nbsp;&nbsp;&nbsp;&nbsp;<span>&lt;!--&nbsp;here&nbsp;is&nbsp;a&nbsp;rateit&nbsp;plugin&nbsp;placeholder&nbsp;--&gt;</span>\n&nbsp;&nbsp;&nbsp;&nbsp;<span>&lt;!--&nbsp;I've&nbsp;added&nbsp;a&nbsp;data-*&nbsp;attribute&nbsp;that&nbsp;contains&nbsp;the&nbsp;product&nbsp;ID&nbsp;--&gt;</span>\n&nbsp;&nbsp;&nbsp;&nbsp;<span>&lt;</span><span>div</span>&nbsp;<span>class</span><span>=</span><span>\"rateit\"</span>&nbsp;<span>data-productid</span><span>=</span><span>\"32423\"</span><span>&gt;</span>\n&nbsp;&nbsp;&nbsp;&nbsp;<span>&lt;/</span><span>div</span><span>&gt;</span>\n \n&nbsp;&nbsp;&nbsp;&nbsp;<span>&lt;!--&nbsp;and&nbsp;finally&nbsp;,&nbsp;the&nbsp;rating&nbsp;plugin&nbsp;code&nbsp;reference&nbsp;--&gt;</span>\n&nbsp;&nbsp;&nbsp;&nbsp;<span>&lt;</span><span>script</span>&nbsp;<span>src</span><span>=</span><span>\"/scripts/jquery.rateit.min.js\"</span>&nbsp;<span>type</span><span>=</span><span>\"text/javascript\"</span><span>&gt;&lt;/</span><span>script</span><span>&gt;</span>\n \n&nbsp;&nbsp;&nbsp;&nbsp;<span>&lt;</span><span>script</span><span>&gt;</span>\n&nbsp;&nbsp;&nbsp;&nbsp;&nbsp;&nbsp;&nbsp;&nbsp;<span>//bind&nbsp;to&nbsp;the&nbsp;rated&nbsp;event</span>\n&nbsp;&nbsp;&nbsp;&nbsp;&nbsp;&nbsp;&nbsp;&nbsp;$(<span>'.rateit'</span>).bind(<span>'rated'</span>,&nbsp;<span>function</span>&nbsp;()&nbsp;{\n&nbsp;&nbsp;&nbsp;&nbsp;&nbsp;&nbsp;&nbsp;&nbsp;&nbsp;&nbsp;&nbsp;&nbsp;<span>var</span>&nbsp;el&nbsp;=&nbsp;$(<span>this</span>);\n&nbsp;&nbsp;&nbsp;&nbsp;&nbsp;&nbsp;&nbsp;&nbsp;&nbsp;&nbsp;&nbsp;&nbsp;<span>var</span>&nbsp;id&nbsp;=&nbsp;el.data(<span>'productid'</span>);&nbsp;<span>//get&nbsp;the&nbsp;product&nbsp;ID</span>\n&nbsp;&nbsp;&nbsp;&nbsp;&nbsp;&nbsp;&nbsp;&nbsp;&nbsp;&nbsp;&nbsp;&nbsp;$.ajax({&nbsp;url:&nbsp;<span>'/rating.php'</span>,&nbsp;<span>//the&nbsp;URL&nbsp;to&nbsp;send&nbsp;it&nbsp;to</span>\n&nbsp;&nbsp;&nbsp;&nbsp;&nbsp;&nbsp;&nbsp;&nbsp;&nbsp;&nbsp;&nbsp;&nbsp;&nbsp;&nbsp;&nbsp;&nbsp;data:&nbsp;{&nbsp;productID:&nbsp;id,&nbsp;rating:&nbsp;el.rateit(<span>'value'</span>)&nbsp;},&nbsp;<span>//the&nbsp;form&nbsp;data&nbsp;to&nbsp;send</span>\n&nbsp;&nbsp;&nbsp;&nbsp;&nbsp;&nbsp;&nbsp;&nbsp;&nbsp;&nbsp;&nbsp;&nbsp;&nbsp;&nbsp;&nbsp;&nbsp;success:&nbsp;<span>function</span>&nbsp;()&nbsp;{&nbsp;\n&nbsp;&nbsp;&nbsp;&nbsp;&nbsp;&nbsp;&nbsp;&nbsp;&nbsp;&nbsp;&nbsp;&nbsp;&nbsp;&nbsp;&nbsp;&nbsp;&nbsp;&nbsp;&nbsp;&nbsp;<span>//this&nbsp;function&nbsp;executes&nbsp;when&nbsp;everyting&nbsp;is&nbsp;ok</span>\n&nbsp;&nbsp;&nbsp;&nbsp;&nbsp;&nbsp;&nbsp;&nbsp;&nbsp;&nbsp;&nbsp;&nbsp;&nbsp;&nbsp;&nbsp;&nbsp;&nbsp;&nbsp;&nbsp;&nbsp;alert(<span>'the&nbsp;rating&nbsp;was&nbsp;succesfull'</span>);\n&nbsp;&nbsp;&nbsp;&nbsp;&nbsp;&nbsp;&nbsp;&nbsp;&nbsp;&nbsp;&nbsp;&nbsp;&nbsp;&nbsp;&nbsp;&nbsp;&nbsp;&nbsp;&nbsp;&nbsp;<span>//perhaps&nbsp;we&nbsp;want&nbsp;to&nbsp;disable&nbsp;further&nbsp;rating?</span>\n&nbsp;&nbsp;&nbsp;&nbsp;&nbsp;&nbsp;&nbsp;&nbsp;&nbsp;&nbsp;&nbsp;&nbsp;&nbsp;&nbsp;&nbsp;&nbsp;&nbsp;&nbsp;&nbsp;&nbsp;el.rateit(<span>'readonly'</span>,&nbsp;<span>true</span>);\n&nbsp;&nbsp;&nbsp;&nbsp;&nbsp;&nbsp;&nbsp;&nbsp;&nbsp;&nbsp;&nbsp;&nbsp;&nbsp;&nbsp;&nbsp;&nbsp;},\n&nbsp;&nbsp;&nbsp;&nbsp;&nbsp;&nbsp;&nbsp;&nbsp;&nbsp;&nbsp;&nbsp;&nbsp;&nbsp;&nbsp;&nbsp;&nbsp;type:&nbsp;<span>'POST'</span>&nbsp;<span>//post&nbsp;the&nbsp;data</span>\n&nbsp;&nbsp;&nbsp;&nbsp;&nbsp;&nbsp;&nbsp;&nbsp;&nbsp;&nbsp;&nbsp;&nbsp;});\n&nbsp;&nbsp;&nbsp;&nbsp;&nbsp;&nbsp;&nbsp;&nbsp;});\n<span>&lt;/</span><span>script</span><span>&gt;</span>\n \n<span>&lt;/</span><span>body</span><span>&gt;</span>\n<span>&lt;/</span><span>html</span><span>&gt;</span>\n</pre>\n<p>&nbsp;</p>\n<p><span style=\"font-size: x-small;\"><span><br /> </span></span></p>",
    "PostedDate": "2011-03-10T00:02:37.11-08:00",
    "UserRole": null,
    "MarkedAsAnswerDate": null
  },
  {
    "Id": "579364",
    "ThreadId": "249121",
    "Html": "Hi Gidon,\r\n<div><br>\r\n</div>\r\n<div>Thank you for taking the time to write this informative reply.</div>\r\n<div><br>\r\n</div>\r\n<div>However, I have discovered the website builder software I am using (wysiwyg web builder) has all jquery scripts running on jquery 1.4.2. Their support have said if I update to 1.4.3 there is no backward compatibility & some of my existing scripts will\r\n not work. Is it possible your star rater will work on 1.4.2?</div>\r\n<div><br>\r\n</div>\r\n<div>I am trying to find out when they will upgrade because I really like your star rater & it would be a great fit for my review website (www.spy.my).</div>\r\n<div><br>\r\n</div>\r\n<div>When they do update I think someone in their community will create this as an extension to just plug in.</div>\r\n<div><br>\r\n</div>\r\n<div>Best Regards</div>\r\n<div><br>\r\n</div>\r\n<div>Michael<br>\r\n<br>\r\n<hr id=\"x_x_stopSpelling\">\r\nFrom: [email removed]<br>\r\nTo: [email removed]<br>\r\nDate: Thu, 10 Mar 2011 00:02:39 -0800<br>\r\nSubject: Re: Basic installation question [rateit:249121]<br>\r\n<br>\r\nFrom: gidon<br>\r\n<div id=\"x_x_ecxThreadNotificationPostBody\">Have you looked at the online examples:\r\n<a href=\"http://www.radioactivethinking.com/rateit/example/example.htm\" target=\"_blank\">\r\nhttp://www.radioactivethinking.com/rateit/example/example.htm</a><br>\r\nA basic page would look like this:<br>\r\n<br>\r\n<hr>\r\n<br>\r\n<pre><span>&lt;!</span><span>DOCTYPE</span> <span>html</span><span>&gt;</span>\r\n<span>&lt;</span><span>html</span><span>&gt;</span>\r\n<span>&lt;</span><span>head</span><span>&gt;</span>\r\n    <span>&lt;</span><span>title</span><span>&gt;</span>Sample page<span>&lt;/</span><span>title</span><span>&gt;</span>\r\n    <span>&lt;!-- here is your CSS file --&gt;</span>\r\n    <span>&lt;</span><span>link</span> <span>href</span><span>=</span><span>&quot;/css/rateit.css&quot;</span> <span>rel</span><span>=</span><span>&quot;stylesheet&quot;</span> <span>type</span><span>=</span><span>&quot;text/css&quot;</span><span>&gt;</span>\r\n    <span>&lt;!-- here is the reference to jQuery, although it could also be at the bottom of the page --&gt;</span>\r\n    <span>&lt;</span><span>script</span> <span>src</span><span>=</span><span>&quot;http://ajax.googleapis.com/ajax/libs/jquery/1.5.1/jquery.min.js&quot;</span> <span>type</span><span>=</span><span>&quot;text/javascript&quot;</span><span>&gt;&lt;/</span><span>script</span><span>&gt;</span>\r\n<span>&lt;/</span><span>head</span><span>&gt;</span>\r\n<span>&lt;</span><span>body</span><span>&gt;</span>\r\n<span>&lt;</span><span>h1</span><span>&gt;</span>Welcome<span>&lt;/</span><span>h1</span><span>&gt;</span>\r\n<span>&lt;!-- here is a rateit plugin placeholder --&gt;</span>\r\n<span>&lt;</span><span>div</span> <span>class</span><span>=</span><span>&quot;rateit&quot;</span><span>&gt;&lt;/</span><span>div</span><span>&gt;</span>\r\n \r\n<span>&lt;!-- and finally , the rating plugin code reference --&gt;</span>\r\n<span>&lt;</span><span>script</span> <span>src</span><span>=</span><span>&quot;/scripts/jquery.rateit.min.js&quot;</span> <span>type</span><span>=</span><span>&quot;text/javascript&quot;</span><span>&gt;&lt;/</span><span>script</span><span>&gt;</span>\r\n<span>&lt;/</span><span>body</span><span>&gt;</span>\r\n<span>&lt;/</span><span>html</span><span>&gt;</span>\r\n</pre>\r\n<br>\r\n<hr>\r\n<br>\r\n<br>\r\n<span style=\"font-size:x-small\"><span>Although in order to hook it up with your backend system, you'll need some knowledge of javascript, a basic implementation would be:</span></span><br>\r\n<br>\r\n<pre><span>&lt;!</span><span>DOCTYPE</span> <span>html</span><span>&gt;</span>\r\n<span>&lt;</span><span>html</span><span>&gt;</span>\r\n<span>&lt;</span><span>head</span><span>&gt;</span>\r\n    <span>&lt;</span><span>title</span><span>&gt;</span>Sample page<span>&lt;/</span><span>title</span><span>&gt;</span>\r\n    <span>&lt;!-- here is your CSS file --&gt;</span>\r\n    <span>&lt;</span><span>link</span> <span>href</span><span>=</span><span>&quot;/css/rateit.css&quot;</span> <span>rel</span><span>=</span><span>&quot;stylesheet&quot;</span> <span>type</span><span>=</span><span>&quot;text/css&quot;</span><span>&gt;</span>\r\n    <span>&lt;!-- here is the reference to jQuery, although it could also be at the bottom of the page --&gt;</span>\r\n \r\n    <span>&lt;</span><span>script</span> <span>src</span><span>=</span><span>&quot;http://ajax.googleapis.com/ajax/libs/jquery/1.5.1/jquery.min.js&quot;</span> <span>type</span><span>=</span><span>&quot;text/javascript&quot;</span><span>&gt;&lt;/</span><span>script</span><span>&gt;</span>\r\n \r\n<span>&lt;/</span><span>head</span><span>&gt;</span>\r\n<span>&lt;</span><span>body</span><span>&gt;</span>\r\n    <span>&lt;!-- let's say this is a product review article --&gt;</span>\r\n    <span>&lt;</span><span>h1</span><span>&gt;</span>\r\n        Product A<span>&lt;/</span><span>h1</span><span>&gt;</span>\r\n    <span>&lt;</span><span>p</span><span>&gt;</span>\r\n        This is a description of product A<span>&lt;/</span><span>p</span><span>&gt;</span>\r\n    <span>&lt;!-- here is a rateit plugin placeholder --&gt;</span>\r\n    <span>&lt;!-- I've added a data-* attribute that contains the product ID --&gt;</span>\r\n    <span>&lt;</span><span>div</span> <span>class</span><span>=</span><span>&quot;rateit&quot;</span> <span>data-productid</span><span>=</span><span>&quot;32423&quot;</span><span>&gt;</span>\r\n    <span>&lt;/</span><span>div</span><span>&gt;</span>\r\n \r\n    <span>&lt;!-- and finally , the rating plugin code reference --&gt;</span>\r\n    <span>&lt;</span><span>script</span> <span>src</span><span>=</span><span>&quot;/scripts/jquery.rateit.min.js&quot;</span> <span>type</span><span>=</span><span>&quot;text/javascript&quot;</span><span>&gt;&lt;/</span><span>script</span><span>&gt;</span>\r\n \r\n    <span>&lt;</span><span>script</span><span>&gt;</span>\r\n        <span>//bind to the rated event</span>\r\n        $(<span>'.rateit'</span>).bind(<span>'rated'</span>, <span>function</span> () {\r\n            <span>var</span> el = $(<span>this</span>);\r\n            <span>var</span> id = el.data(<span>'productid'</span>); <span>//get the product ID</span>\r\n            $.ajax({ url: <span>'/rating.php'</span>, <span>//the URL to send it to</span>\r\n                data: { productID: id }, <span>//the form data to send</span>\r\n                success: <span>function</span> () { \r\n                    <span>//this function executes when everyting is ok</span>\r\n                    alert(<span>'the rating was succesfull'</span>);\r\n                    <span>//perhaps we want to disable further rating?</span>\r\n                    el.rateit(<span>'readonly'</span>, <span>true</span>);\r\n                },\r\n                type: <span>'POST'</span> <span>//post the data</span>\r\n            });\r\n        });\r\n<span>&lt;/</span><span>script</span><span>&gt;</span>\r\n \r\n<span>&lt;/</span><span>body</span><span>&gt;</span>\r\n<span>&lt;/</span><span>html</span><span>&gt;</span>\r\n</pre>\r\n<br>\r\n<span style=\"font-size:x-small\"><span><br>\r\n</span></span><br>\r\n</div>\r\n<div id=\"x_x_ecxThreadNotificationFooter\">Read the <a href=\"http://rateit.codeplex.com/discussions/249121#post578245\" target=\"_blank\">\r\nfull discussion online</a>.<br>\r\nTo add a post to this discussion, reply to this email (<a href=\"mailto:rateit@discussions.codeplex.com?subject=[rateit:249121]\">rateit@discussions.codeplex.com</a>)<br>\r\nTo start a new discussion for this project, email <a href=\"mailto:rateit@discussions.codeplex.com\">\r\nrateit@discussions.codeplex.com</a><br>\r\nYou are receiving this email because you subscribed to this discussion on CodePlex. You can\r\n<a href=\"https://rateit.codeplex.com/discussions/249121/unsubscribe/\" target=\"_blank\">\r\nunsubscribe</a> on CodePlex.com.<br>\r\nPlease note: Images and attachments will be removed from emails. Any posts to this discussion will also be available online at CodePlex.com<br>\r\n</div>\r\n</div>\r\n",
    "PostedDate": "2011-03-11T20:43:16.62-08:00",
    "UserRole": null,
    "MarkedAsAnswerDate": null
  },
  {
    "Id": "579494",
    "ThreadId": "249121",
    "Html": "<p>&nbsp;</p>\r\n<p>Hi Michael,<br /><br />There was one important upgrade in jQuery 1.4.3 on which RateIt depends, namely Html5 data-* support.<br />I don't think they introduced any breaking changes, so you might want to just try updating to 1.4.3 or 1.4.4. And check if everything still works.<br /><br />I wouldn't update to 1.5 because that might cause some problems.<br /><br />Bye<br /><br />Gidon</p>",
    "PostedDate": "2011-03-12T09:14:20.843-08:00",
    "UserRole": null,
    "MarkedAsAnswerDate": null
  }
]