[
  {
    "Id": "587896",
    "ThreadId": "251561",
    "Html": "\r\n<p>Hi!</p>\r\n<p>It is possible to show hover tips on the right side?</p>\r\n<p>Like here:</p>\r\n<p>http://d.pr/kcaS&#43;</p>\r\n",
    "PostedDate": "2011-03-28T15:02:26.897-07:00",
    "UserRole": null,
    "MarkedAsAnswerDate": null
  },
  {
    "Id": "588047",
    "ThreadId": "251561",
    "Html": "<p>No problem what so ever:</p>\n<p>&nbsp;</p>\n<p>&nbsp;</p>\n<div style=\"color: black; background-color: white;\">\n<pre><span style=\"color: blue;\">&lt;!</span><span style=\"color: #a31515;\">DOCTYPE</span> <span style=\"color: red;\">html</span><span style=\"color: blue;\">&gt;</span>\n<span style=\"color: blue;\">&lt;</span><span style=\"color: #a31515;\">html</span><span style=\"color: blue;\">&gt;</span>\n  <span style=\"color: blue;\">&lt;</span><span style=\"color: #a31515;\">head</span><span style=\"color: blue;\">&gt;</span>\n    <span style=\"color: blue;\">&lt;</span><span style=\"color: #a31515;\">title</span><span style=\"color: blue;\">&gt;</span>RateIt with label on the side<span style=\"color: blue;\">&lt;/</span><span style=\"color: #a31515;\">title</span><span style=\"color: blue;\">&gt;</span>\n    <span style=\"color: blue;\">&lt;</span><span style=\"color: #a31515;\">link</span> <span style=\"color: red;\">href</span><span style=\"color: blue;\">=</span><span style=\"color: blue;\">\"http://www.radioactivethinking.com/rateit/src/rateit.css\"</span> <span style=\"color: red;\">rel</span><span style=\"color: blue;\">=</span><span style=\"color: blue;\">\"stylesheet\"</span> <span style=\"color: red;\">type</span><span style=\"color: blue;\">=</span><span style=\"color: blue;\">\"text/css\"</span><span style=\"color: blue;\">&gt;</span>\n    <span style=\"color: blue;\">&lt;</span><span style=\"color: #a31515;\">script</span> <span style=\"color: red;\">src</span><span style=\"color: blue;\">=</span><span style=\"color: blue;\">\"http://ajax.googleapis.com/ajax/libs/jquery/1.5.1/jquery.min.js\"</span> <span style=\"color: red;\">type</span><span style=\"color: blue;\">=</span><span style=\"color: blue;\">\"text/javascript\"</span><span style=\"color: blue;\">&gt;</span><span style=\"color: blue;\">&lt;/</span><span style=\"color: #a31515;\">script</span><span style=\"color: blue;\">&gt;</span>\n  <span style=\"color: blue;\">&lt;/</span><span style=\"color: #a31515;\">head</span><span style=\"color: blue;\">&gt;</span>\n  <span style=\"color: blue;\">&lt;</span><span style=\"color: #a31515;\">body</span><span style=\"color: blue;\">&gt;</span>\n    <span style=\"color: blue;\">&lt;</span><span style=\"color: #a31515;\">div</span><span style=\"color: blue;\">&gt;</span>\n      <span style=\"color: blue;\">&lt;</span><span style=\"color: #a31515;\">div</span> <span style=\"color: red;\">class</span><span style=\"color: blue;\">=</span><span style=\"color: blue;\">\"rateit\"</span><span style=\"color: blue;\">&gt;</span>\n      <span style=\"color: blue;\">&lt;/</span><span style=\"color: #a31515;\">div</span><span style=\"color: blue;\">&gt;</span>\n      <span style=\"color: blue;\">&lt;</span><span style=\"color: #a31515;\">span</span> <span style=\"color: red;\">class</span><span style=\"color: blue;\">=</span><span style=\"color: blue;\">\"rateit-hover-label\"</span><span style=\"color: blue;\">&gt;</span>\n    <span style=\"color: blue;\">&lt;/</span><span style=\"color: #a31515;\">div</span><span style=\"color: blue;\">&gt;</span>\n    <span style=\"color: blue;\">&lt;</span><span style=\"color: #a31515;\">div</span><span style=\"color: blue;\">&gt;</span>\n      <span style=\"color: blue;\">&lt;</span><span style=\"color: #a31515;\">div</span> <span style=\"color: red;\">class</span><span style=\"color: blue;\">=</span><span style=\"color: blue;\">\"rateit\"</span> <span style=\"color: red;\">data-rateit-min</span><span style=\"color: blue;\">=</span><span style=\"color: blue;\">\"0\"</span> <span style=\"color: red;\">data-rateit-max</span><span style=\"color: blue;\">=</span><span style=\"color: blue;\">\"3\"</span> <span style=\"color: red;\">data-rateit-value</span><span style=\"color: blue;\">=</span><span style=\"color: blue;\">\"2\"</span> <span style=\"color: red;\">data-rateit-step</span><span style=\"color: blue;\">=</span><span style=\"color: blue;\">\"1\"</span><span style=\"color: blue;\">&gt;</span>\n      <span style=\"color: blue;\">&lt;/</span><span style=\"color: #a31515;\">div</span><span style=\"color: blue;\">&gt;</span>\n      <span style=\"color: blue;\">&lt;</span><span style=\"color: #a31515;\">span</span> <span style=\"color: red;\">class</span><span style=\"color: blue;\">=</span><span style=\"color: blue;\">\"rateit-hover-label\"</span><span style=\"color: blue;\">&gt;</span>\n      <span style=\"color: blue;\">&lt;/</span><span style=\"color: #a31515;\">span</span><span style=\"color: blue;\">&gt;</span>\n    <span style=\"color: blue;\">&lt;/</span><span style=\"color: #a31515;\">div</span><span style=\"color: blue;\">&gt;</span>\n    \n      <span style=\"color: blue;\">&lt;</span><span style=\"color: #a31515;\">script</span> <span style=\"color: red;\">src</span><span style=\"color: blue;\">=</span><span style=\"color: blue;\">\"http://www.radioactivethinking.com/rateit/src/jquery.rateit.js\"</span> <span style=\"color: red;\">type</span><span style=\"color: blue;\">=</span><span style=\"color: blue;\">\"text/javascript\"</span><span style=\"color: blue;\">&gt;</span><span style=\"color: blue;\">&lt;/</span><span style=\"color: #a31515;\">script</span><span style=\"color: blue;\">&gt;</span>\n      <span style=\"color: blue;\">&lt;</span><span style=\"color: #a31515;\">script</span><span style=\"color: blue;\">&gt;</span>\n        <span style=\"color: green;\">//now we bind to the hover event of each rateit control on the page</span>\n        $(<span style=\"color: #a31515;\">'.rateit'</span>).bind(<span style=\"color: #a31515;\">'hover'</span>, <span style=\"color: blue;\">function</span>(e, value) {\n            <span style=\"color: blue;\">var</span> text = <span style=\"color: #a31515;\">\"\"</span>;\n            <span style=\"color: blue;\">if</span> (value != <span style=\"color: blue;\">null</span>)\n              text = <span style=\"color: #a31515;\">'You\\'</span>re are now hovering over ' + value;\n          \n            $(<span style=\"color: blue;\">this</span>).next().text(text);\n          <span style=\"color: green;\">//$(this) =&gt; the current rateit div</span>\n          <span style=\"color: green;\">//.next() =&gt; the next element, my span</span>\n          <span style=\"color: green;\">//.text() =&gt; setting the text of the span with the value retrieved that was passed as the second parameter.</span>\n        \n        });\n      <span style=\"color: blue;\">&lt;/</span><span style=\"color: #a31515;\">script</span><span style=\"color: blue;\">&gt;</span>\n  <span style=\"color: blue;\">&lt;/</span><span style=\"color: #a31515;\">body</span><span style=\"color: blue;\">&gt;</span>\n\n<span style=\"color: blue;\">&lt;/</span><span style=\"color: #a31515;\">html</span><span style=\"color: blue;\">&gt;</span>\n\n</pre>\n</div>",
    "PostedDate": "2011-03-29T00:12:39.7-07:00",
    "UserRole": null,
    "MarkedAsAnswerDate": null
  }
]