[
  {
    "Id": "998613",
    "ThreadId": "432508",
    "Html": "Love the script and can't wait to use it. Ran into a problem though. We're using jquery 1.8.0 because it's a requirement of another script.  If I try to run RateIt with this version it chokes.\r<br />\nIt will display the stars, but as soon as you mouse over it it throws errors:\r<br />\n<br />\nm.getBoundingClientRect is not a function\r<br />\n<a href=\"http://ajax.googleapis.com/ajax/libs/jquery/1.8.0/jquery.min.js\" rel=\"nofollow\">http://ajax.googleapis.com/ajax/libs/jquery/1.8.0/jquery.min.js</a>\r<br />\n<br />\nAnd of course from there a lot of &quot;is not a function&quot;.\r<br />\n<br />\nIf I switch it back to the 1.7.2 from the example it works fine.\r<br />\n<br />\nAny ideas?<br />\n",
    "PostedDate": "2013-02-08T08:33:27.61-08:00",
    "UserRole": null,
    "MarkedAsAnswerDate": null
  },
  {
    "Id": "998827",
    "ThreadId": "432508",
    "Html": "Thanks for the feedback.\r<br />\n<br />\nI will check the issue tomorrow, but what I vaguely recall is that there was some issue with jQuery 1.8.0 (and perhaps also 1.8.1), could you try it out on 1.8.2 or 1.8.3 and see if that fixes it?\r<br />\n<br />\nI will anyway have a l look at it tomorrow.\r<br />\n<br />\nBye,\r<br />\nGidon<br />\n",
    "PostedDate": "2013-02-08T23:28:33.68-08:00",
    "UserRole": null,
    "MarkedAsAnswerDate": null
  },
  {
    "Id": "998939",
    "ThreadId": "432508",
    "Html": "Fantastic! jQuery 1.8.2 and 1.8.3 seem to both work and they aren't mangling any other scripts.<br />\n\r<br />\nThanks for the assistance and the wonderful script!\r<br />\n<br />\nShane<br />\n",
    "PostedDate": "2013-02-09T09:12:48.983-08:00",
    "UserRole": null,
    "MarkedAsAnswerDate": null
  },
  {
    "Id": "999173",
    "ThreadId": "432508",
    "Html": "Great! <br />\n",
    "PostedDate": "2013-02-10T07:44:13.167-08:00",
    "UserRole": null,
    "MarkedAsAnswerDate": null
  }
]