[
  {
    "Id": "1010964",
    "ThreadId": "435533",
    "Html": "Hi, I am using rating plugin with the view more button.\r<br />\nso In my project i am showing restaurant rating with these plugin by default i am displaying first 5 rating.Then after 5 records i am displaying other content through ajax so in the content loded through ajax rating is not being showd i am using readonly mode..If anyone can help thanks in advance<br />\n",
    "PostedDate": "2013-03-05T21:37:34.623-08:00",
    "UserRole": null,
    "MarkedAsAnswerDate": null
  },
  {
    "Id": "1010969",
    "ThreadId": "435533",
    "Html": "No one? Any hint would work<br />\n",
    "PostedDate": "2013-03-05T22:02:20.647-08:00",
    "UserRole": null,
    "MarkedAsAnswerDate": null
  },
  {
    "Id": "1010970",
    "ThreadId": "435533",
    "Html": "No one? Any hint would work<br />\n",
    "PostedDate": "2013-03-05T22:07:58.483-08:00",
    "UserRole": null,
    "MarkedAsAnswerDate": null
  },
  {
    "Id": "1011061",
    "ThreadId": "435533",
    "Html": "Hi,\r<br />\n<br />\nCan you please post a jsfiddle? That would help understanding the problem.\r<br />\n<br />\nGidon<br />\n",
    "PostedDate": "2013-03-06T01:57:10.503-08:00",
    "UserRole": null,
    "MarkedAsAnswerDate": null
  }
]