[
  {
    "Id": "907415",
    "ThreadId": "394095",
    "Html": "\r\n<p>I dont know if theres something wrong in my code but whe nI try to append the rateit DIV nothing appears but when I manually write the rateit DIV in the BODY it appears.</p>\r\n<p>&nbsp;</p>\r\n<div style=\"color:black; background-color:white\">\r\n<pre><span style=\"color:blue\">function</span> add(id,skilldesc)\r\n{\r\n\t<span style=\"color:blue\">var</span> table = $(<span style=\"color:#a31515\">'#lower'</span>);\r\n        table.append(<span style=\"color:#a31515\">&quot;&lt;tr id='&quot;</span> &#43; id &#43; <span style=\"color:#a31515\">&quot;'&gt;&lt;td&gt;&lt;text&gt;&quot;</span> &#43; skilldesc &#43; <span style=\"color:#a31515\">&quot;:&lt;/text&gt;&lt;/td&gt;&lt;td&gt;&lt;div id='rateit10' class='rateit'&gt;&lt;/div&gt;&lt;/tr&gt;&quot;</span>);\r\n}</pre>\r\n</div>\r\n<p></p>\r\n<div style=\"color:black; background-color:white\">\r\n<pre><span style=\"color:blue\">&lt;</span><span style=\"color:#a31515\">table</span> <span style=\"color:red\">id</span><span style=\"color:blue\">=</span><span style=\"color:blue\">'lower'</span><span style=\"color:blue\">&gt;</span>\r\n<span style=\"color:blue\">&lt;</span><span style=\"color:#a31515\">tr</span><span style=\"color:blue\">&gt;</span>\r\n<span style=\"color:blue\">&lt;</span><span style=\"color:#a31515\">td</span> <span style=\"color:red\">width</span><span style=\"color:blue\">=</span><span style=\"color:blue\">'40%'</span><span style=\"color:blue\">&gt;</span><span style=\"color:blue\">&lt;</span><span style=\"color:#a31515\">h2</span> <span style=\"color:red\">id</span><span style=\"color:blue\">=</span><span style=\"color:blue\">'skillhead2'</span><span style=\"color:blue\">&gt;</span>Skills<span style=\"color:blue\">&lt;/</span><span style=\"color:#a31515\">h2</span><span style=\"color:blue\">&gt;</span><span style=\"color:blue\">&lt;/</span><span style=\"color:#a31515\">td</span><span style=\"color:blue\">&gt;</span><span style=\"color:blue\">&lt;</span><span style=\"color:#a31515\">td</span> <span style=\"color:red\">width</span><span style=\"color:blue\">=</span><span style=\"color:blue\">'15%'</span><span style=\"color:blue\">&gt;</span><span style=\"color:blue\">&lt;</span><span style=\"color:#a31515\">h2</span> <span style=\"color:red\">id</span><span style=\"color:blue\">=</span><span style=\"color:blue\">'skillhead2'</span><span style=\"color:blue\">&gt;</span>Rating<span style=\"color:blue\">&lt;/</span><span style=\"color:#a31515\">h2</span><span style=\"color:blue\">&gt;</span><span style=\"color:blue\">&lt;/</span><span style=\"color:#a31515\">td</span><span style=\"color:blue\">&gt;</span><span style=\"color:blue\">&lt;</span><span style=\"color:#a31515\">td</span> <span style=\"color:red\">width</span><span style=\"color:blue\">=</span><span style=\"color:blue\">'35%'</span><span style=\"color:blue\">&gt;</span><span style=\"color:blue\">&lt;</span><span style=\"color:#a31515\">h2</span> <span style=\"color:red\">id</span><span style=\"color:blue\">=</span><span style=\"color:blue\">'skillhead2'</span><span style=\"color:blue\">&gt;</span>Year of exp.<span style=\"color:blue\">&lt;/</span><span style=\"color:#a31515\">h2</span><span style=\"color:blue\">&gt;</span><span style=\"color:blue\">&lt;/</span><span style=\"color:#a31515\">td</span><span style=\"color:blue\">&gt;</span><span style=\"color:blue\">&lt;</span><span style=\"color:#a31515\">td</span> <span style=\"color:red\">width</span><span style=\"color:blue\">=</span><span style=\"color:blue\">'10%'</span><span style=\"color:blue\">&gt;</span><span style=\"color:blue\">&lt;</span><span style=\"color:#a31515\">h2</span> <span style=\"color:red\">id</span><span style=\"color:blue\">=</span><span style=\"color:blue\">'skillhead2'</span><span style=\"color:blue\">&gt;</span>Top 5 Skills<span style=\"color:blue\">&lt;/</span><span style=\"color:#a31515\">h2</span><span style=\"color:blue\">&gt;</span><span style=\"color:blue\">&lt;/</span><span style=\"color:#a31515\">td</span><span style=\"color:blue\">&gt;</span>\r\n<span style=\"color:blue\">&lt;/</span><span style=\"color:#a31515\">tr</span><span style=\"color:blue\">&gt;</span>\r\n<span style=\"color:blue\">&lt;/</span><span style=\"color:#a31515\">table</span><span style=\"color:blue\">&gt;</span></pre>\r\n</div>\r\n<p></p>\r\n<p>the idea here is there are plenty of skills listed on the page using checkbox now when I click one of those the page dynamically add a row on a 'lower' table. Now the problem is when a row is added dynamically only the 'skilldesc' column is displayed and\r\n the rateit DIV which is in the next column is empty. The purpose of using rateit is to rate the chosen skill from 1 to 5.</p>\r\n<p>I hope someone will help me, I've been storming this problem for hours already. It caused me a hard headache.</p>\r\n<p>&nbsp;</p>\r\n",
    "PostedDate": "2012-09-01T23:41:30.503-07:00",
    "UserRole": null,
    "MarkedAsAnswerDate": null
  },
  {
    "Id": "907462",
    "ThreadId": "394095",
    "Html": "<p>Hi,</p>\r\n<p>&nbsp;</p>\r\n<p>After you append it, you should still initialize it:</p>\r\n<p>\r\n<div style=\"color: black; background-color: white;\">\r\n<pre><span style=\"color: blue;\">function</span> add(id,skilldesc)\r\n{\r\n\t<span style=\"color: blue;\">var</span> table = $(<span style=\"color: #a31515;\">'#lower'</span>);\r\n        table.append(<span style=\"color: #a31515;\">\"&lt;tr id='\"</span> + id + <span style=\"color: #a31515;\">\"'&gt;&lt;td&gt;&lt;text&gt;\"</span> + skilldesc + <span style=\"color: #a31515;\">\":&lt;/text&gt;&lt;/td&gt;&lt;td&gt;&lt;div id='rateit10' class='rateit'&gt;&lt;/div&gt;&lt;/tr&gt;\"</span>);\r\n        table.find(<span style=\"color: #a31515;\">'.rateit'</span>).rateit();\r\n}\r\n</pre>\r\n</div>\r\n</p>",
    "PostedDate": "2012-09-02T08:21:01.307-07:00",
    "UserRole": null,
    "MarkedAsAnswerDate": null
  }
]