[
  {
    "Id": "926791",
    "ThreadId": "399417",
    "Html": "\r\n<p>Hello, I'm trying to use a backing range field in conjunction with readonly mode, and it simply isn't working.</p>\r\n<p>Markup:</p>\r\n<div style=\"color:black; background-color:white\">\r\n<pre><span style=\"color:blue\">&lt;</span><span style=\"color:#a31515\">input</span> <span style=\"color:red\">type</span><span style=\"color:blue\">=</span><span style=\"color:blue\">&quot;range&quot;</span> <span style=\"color:red\">step</span><span style=\"color:blue\">=</span><span style=\"color:blue\">&quot;1&quot;</span> <span style=\"color:red\">min</span><span style=\"color:blue\">=</span><span style=\"color:blue\">&quot;0&quot;</span> <span style=\"color:red\">max</span><span style=\"color:blue\">=</span><span style=\"color:blue\">&quot;5&quot;</span> <span style=\"color:red\">id</span><span style=\"color:blue\">=</span><span style=\"color:blue\">&quot;cereview-concept_coverage-input-rating&quot;</span> <span style=\"color:red\">name</span><span style=\"color:blue\">=</span><span style=\"color:blue\">&quot;cereview[concept_coverage[rating]]&quot;</span> <span style=\"color:red\">value</span><span style=\"color:blue\">=</span><span style=\"color:blue\">&quot;&quot; data-rateit-readonly=&quot;true&quot;</span> <span style=\"color:red\">readonly</span><span style=\"color:blue\">=</span><span style=\"color:blue\">&quot;true&quot;</span> <span style=\"color:blue\">/&gt;</span>\n<span style=\"color:blue\">&lt;</span><span style=\"color:#a31515\">div</span> <span style=\"color:red\">class</span><span style=\"color:blue\">=</span><span style=\"color:blue\">&quot;rateit rating&quot;</span> <span style=\"color:red\">data-rateit-backingfld</span><span style=\"color:blue\">=</span><span style=\"color:blue\">&quot;#cereview-concept_coverage-input-rating&quot;</span> <span style=\"color:red\">data-rateit-readonly</span><span style=\"color:blue\">=</span><span style=\"color:blue\">&quot;true&quot;</span><span style=\"color:blue\">&gt;</span><span style=\"color:blue\">&lt;/</span><span style=\"color:#a31515\">div</span><span style=\"color:blue\">&gt;</span></pre>\r\n</div>\r\n<p>Rateit Call (CoffeeScript)</p>\r\n<pre>@ratings.rateit\n   step: 1\n   min: 0\n   max: 5\n   ispreset: <span style=\"color:blue\">true</span>\n   resetable: <span style=\"color:blue\">false</span>\n</pre>\r\n<p>No matter what I do, the fields are still editable. Can anyone tell me why this shouldn't work?</p>\r\n",
    "PostedDate": "2012-10-15T08:53:40.733-07:00",
    "UserRole": null,
    "MarkedAsAnswerDate": null
  },
  {
    "Id": "927976",
    "ThreadId": "399417",
    "Html": "<p>Hi,</p>\r\n<p>Sorry for the late reaction.</p>\r\n<p>There are two issues here:</p>\r\n<p>1) &nbsp;A bug in rateit. When you have a backingfield, it will only look if that field is \"disabled\". If it is disabled it will set rateit to be \"readonly\", if it is not disabled it will set rateit to \"not readonly\", no matter what you define anywhere else. I hope to fix this on friday.</p>\r\n<p>In the meantime, your workaround would be to set the input field to \"disabled\"</p>\r\n<p>2) Also,you have a bit of a mess in your code. The \"data-rateit-*\" attributes should only be on the div.</p>\r\n<p>Your div also has the class name \"rateit\", so it will be automatically instantiated by rateit. So your JS call is not necessary.</p>\r\n<p>This would be the cleaned up code:</p>\r\n<p>\r\n<div style=\"color: black; background-color: white;\">\r\n<pre><span style=\"color: blue;\">&lt;</span><span style=\"color: #a31515;\">input</span> <span style=\"color: red;\">type</span><span style=\"color: blue;\">=</span><span style=\"color: blue;\">\"range\"</span> <span style=\"color: red;\">step</span><span style=\"color: blue;\">=</span><span style=\"color: blue;\">\"1\"</span> <span style=\"color: red;\">min</span><span style=\"color: blue;\">=</span><span style=\"color: blue;\">\"0\"</span> <span style=\"color: red;\">max</span><span style=\"color: blue;\">=</span><span style=\"color: blue;\">\"5\"</span> <span style=\"color: red;\">id</span><span style=\"color: blue;\">=</span><span style=\"color: blue;\">\"cereview-concept_coverage-input-rating\"</span> <span style=\"color: red;\">name</span><span style=\"color: blue;\">=</span><span style=\"color: blue;\">\"cereview[concept_coverage[rating]]\" value=\"\" <span style=\"text-decoration: underline; color: #888888;\"><strong>disabled</strong></span></span> <span style=\"color: blue;\">/&gt;</span>\r\n<span style=\"color: blue;\">&lt;</span><span style=\"color: #a31515;\">div</span> <span style=\"color: red;\">class</span><span style=\"color: blue;\">=</span><span style=\"color: blue;\">\"rateit rating\"</span> <span style=\"color: red;\">data-rateit-backingfld</span><span style=\"color: blue;\">=</span><span style=\"color: blue;\">\"#cereview-concept_coverage-input-rating\"</span><span style=\"color: blue;\">&gt;</span><span style=\"color: blue;\">&lt;/</span><span style=\"color: #a31515;\">div</span><span style=\"color: blue;\">&gt;</span>\r\n</pre>\r\n</div>\r\n</p>",
    "PostedDate": "2012-10-17T05:06:15.137-07:00",
    "UserRole": null,
    "MarkedAsAnswerDate": null
  },
  {
    "Id": "927980",
    "ThreadId": "399417",
    "Html": "This discussion has been copied to a work item. Click <a href=\"http://rateit.codeplex.com/workitem/1142\">here</a> to go to the work item and continue the discussion.",
    "PostedDate": "2012-10-17T05:08:25.513-07:00",
    "UserRole": null,
    "MarkedAsAnswerDate": null
  }
]