{
  "WorkItem": {
    "AffectedComponent": {
      "Name": "",
      "DisplayName": ""
    },
    "ClosedComment": "",
    "ClosedDate": "2015-09-15T23:36:22.833-07:00",
    "CommentCount": 1,
    "Custom": null,
    "Description": "SVGs can be embedded in the HTML, work in all browsers after IE9, and scale infinitely.\r\n\r\nFor the phone bars icon, SVG would work much better.\r\n\r\nFrom https://css-tricks.com/icon-fonts-vs-svg/:\r\n> If you can go IE 9+ / Android 3+, inline SVG is better at *pretty much everything* than icon fonts.\r\n\r\nSVGs are very simple to use. Here's an example using the Facebook icon:\r\n\r\n```html\r\n<head>\r\n<svg id=\"svg-source\" style=\"display: none;\" version=\"1.1\" xmlns=\"http://www.w3.org/2000/svg\">\r\n  <defs>\r\n   <symbol id=\"fa-facebook\" viewBox=\"0 0 1792 1792\">\r\n      <title>Facebook icon from Font Awesome</title>\r\n      <svg><path d=\"M1579 128q35 0 60 25t25 60v1366q0 35-25 60t-60 25h-391v-595h199l30-232h-229v-148q0-56 23.5-84t91.5-28l122-1v-207q-63-9-178-9-136 0-217.5 80t-81.5 226v171h-200v232h200v595h-735q-35 0-60-25t-25-60v-1366q0-35 25-60t60-25h1366z\"></path></svg>\r\n    </symbol>\r\n</defs></svg></head>\r\n\r\n<body>\r\n<a target=\"_blank\" href=\"https://www.facebook.com/sharer/sharer.php?u=https%3A//iDoRecall.com/?sref\">\r\n  <svg><use xlink:href=\"#fa-facebook\"></use></svg>\r\n</a>\r\n</body>\r\n```",
    "LastUpdatedDate": "2015-09-15T23:36:22.833-07:00",
    "PlannedForRelease": "",
    "ReleaseVisibleToPublic": false,
    "Priority": {
      "Name": "Unassigned",
      "Severity": 0,
      "Id": 0
    },
    "ProjectName": "rateit",
    "ReportedDate": "2015-08-11T06:35:41.74-07:00",
    "Status": {
      "Name": "Closed",
      "Id": 4
    },
    "ReasonClosed": {
      "Name": "Fixed"
    },
    "Summary": "Use SVGs instead of images",
    "Type": {
      "Name": "Unassigned",
      "Id": 5
    },
    "VoteCount": 1,
    "Id": 1866
  },
  "FileAttachments": [],
  "Comments": [
    {
      "Message": "Hi Dan,\n\nSVG is already supported:\nhttp://www.radioactivethinking.com/rateit/example/example.htm#ex_7c\n\nCheers,\nGidon",
      "PostedDate": "2015-09-15T23:35:56.58-07:00",
      "Id": 190250
    }
  ]
}