{
  "WorkItem": {
    "AffectedComponent": {
      "Name": "",
      "DisplayName": ""
    },
    "ClosedComment": "",
    "ClosedDate": null,
    "CommentCount": 1,
    "Custom": null,
    "Description": "d",
    "LastUpdatedDate": "2016-06-30T22:34:13.037-07:00",
    "PlannedForRelease": "",
    "ReleaseVisibleToPublic": false,
    "Priority": {
      "Name": "Unassigned",
      "Severity": 0,
      "Id": 0
    },
    "ProjectName": "rateit",
    "ReportedDate": "2016-06-30T20:48:05.223-07:00",
    "Status": {
      "Name": "Proposed",
      "Id": 1
    },
    "ReasonClosed": {
      "Name": "Unassigned"
    },
    "Summary": "infinite scroll problem",
    "Type": {
      "Name": "Unassigned",
      "Id": 5
    },
    "VoteCount": 1,
    "Id": 1868
  },
  "FileAttachments": [
    {
      "FileId": 1586962,
      "FileName": "Picture1.png",
      "DownloadUrl": ".\\1586962"
    }
  ],
  "Comments": [
    {
      "Message": "image",
      "PostedDate": "2016-06-30T20:54:35.607-07:00",
      "Id": 200357
    }
  ]
}