{
  "WorkItem": {
    "AffectedComponent": {
      "Name": "",
      "DisplayName": ""
    },
    "ClosedComment": "Please contact the DNN store with your question",
    "ClosedDate": "2016-01-16T01:07:30.067-08:00",
    "CommentCount": 1,
    "Custom": null,
    "Description": "How to install the plugins (zip plugin downloaded from the dnn store) ?\r\n",
    "LastUpdatedDate": "2016-01-16T01:07:30.067-08:00",
    "PlannedForRelease": "",
    "ReleaseVisibleToPublic": false,
    "Priority": {
      "Name": "Unassigned",
      "Severity": 0,
      "Id": 0
    },
    "ProjectName": "rateit",
    "ReportedDate": "2015-10-27T08:41:39.06-07:00",
    "Status": {
      "Name": "Closed",
      "Id": 4
    },
    "ReasonClosed": {
      "Name": "Not a bug"
    },
    "Summary": "Installing the plugins",
    "Type": {
      "Name": "Unassigned",
      "Id": 5
    },
    "VoteCount": 1,
    "Id": 1867
  },
  "FileAttachments": [],
  "Comments": [
    {
      "Message": "How to install the plugins (zip plugin downloaded from the dnn store) ?",
      "PostedDate": "2015-10-27T08:42:17.31-07:00",
      "Id": 192958
    }
  ]
}