{
  "WorkItem": {
    "AffectedComponent": {
      "Name": "",
      "DisplayName": ""
    },
    "ClosedComment": "",
    "ClosedDate": null,
    "CommentCount": 0,
    "Custom": null,
    "Description": "[discussion:572873](https://rateit.codeplex.com/discussions/572873)\r\nIn the derivation of rating results in the categories of goods - this code is displayed\r\n\r\n```\r\n<div id=\"rateit-range-2\" class=\"rateit-range\" tabindex=\"0\" role=\"slider\" aria-label=\"rating\" aria-owns=\"rateit-reset-2\" aria-valuemin=\"0\" aria-valuemax=\"5\" aria-valuenow=\"1.83333333333\" aria-readonly=\"true\" style=\"width: 80px; height: 16px;\">\r\n  <div class=\"rateit-selected\" style=\"height: 16px; width: 29.33333333328px;\"></div>\r\n  <div class=\"rateit-hover\" style=\"height: 16px;\"></div>\r\n</div>\r\n```\r\n\r\n But when there is a Ajax filtering product or Ajax pagination, stars and the code becomes:\r\n\r\n```\r\n<div data-objectid=\"11\" data-rateit-value=\"1.83333333333\" class=\"rateit\" id=\"articles8_8\" data-rateit-readonly=\"true\">\r\n</div>\r\n```\r\n\r\nHow do I get a script with Ajax reload the page?\r\n",
    "LastUpdatedDate": "2016-10-23T22:44:50.62-07:00",
    "PlannedForRelease": "",
    "ReleaseVisibleToPublic": false,
    "Priority": {
      "Name": "Unassigned",
      "Severity": 0,
      "Id": 0
    },
    "ProjectName": "rateit",
    "ReportedDate": "2016-10-23T22:44:50.62-07:00",
    "Status": {
      "Name": "Proposed",
      "Id": 1
    },
    "ReasonClosed": {
      "Name": "Unassigned"
    },
    "Summary": " AJAX Paging in KENDO Grid removes star rating ",
    "Type": {
      "Name": "Unassigned",
      "Id": 5
    },
    "VoteCount": 1,
    "Id": 1869
  },
  "FileAttachments": [],
  "Comments": []
}